color,count,prob
Black,100,0.047103155911446065
Blue,99,0.046632124352331605
Dark Pink,102,0.048045219029674985
Green,101,0.047574187470560525
Greenish-Yellow,98,0.046161092793217146
Orange,97,0.045690061234102686
Pink,97,0.045690061234102686
Purple,97,0.045690061234102686
White,100,0.047103155911446065
Yellow,1232,0.5803108808290155
