team,color,alloc,p_true
T1,Purple,55,0.09420631182289213
T1,White,50,0.09420631182289213
T1,Yellow,95,0.09420631182289213
