team,color,alloc,p_true
T2,Blue,60,0.09420631182289213
T2,Pink,50,0.09420631182289213
T2,Yellow,90,0.09420631182289213
