team,color,alloc,p_true
T3,Black,50,0.09420631182289213
T3,Green,65,0.09420631182289213
T3,Yellow,85,0.09420631182289213
