team,color,alloc,p_true
T4,Pink,55,0.09420631182289213
T4,White,45,0.09420631182289213
T4,Yellow,100,0.09420631182289213
