team,color,alloc,p_true
T5,Blue,60,0.09420631182289213
T5,Purple,60,0.09420631182289213
T5,Yellow,80,0.09420631182289213
