team,color,alloc,p_true
T6,Dark Pink,55,0.09420631182289213
T6,Green,70,0.09420631182289213
T6,Yellow,75,0.09420631182289213
