team,color,alloc,p_true
T7,Black,62,0.09420631182289213
T7,Orange,50,0.09420631182289213
T7,Yellow,88,0.09420631182289213
