team,total_success_ducks,N_total,p_true
T1,200,2123,0.09420631182289213
T2,200,2123,0.09420631182289213
T3,200,2123,0.09420631182289213
T4,200,2123,0.09420631182289213
T5,200,2123,0.09420631182289213
T6,200,2123,0.09420631182289213
T7,200,2123,0.09420631182289213
